text,sentiment
Lunch from my new Lil spot ...THE COTTON BOWL ....pretty good#1st#time#will be going back# http://t.co/Dbbj8xLZ,1
SNC Halloween Pr. Pumped. Let's work it for Sunday....Packers vs....who knows or caresn. #SNC #cheerpracticeonhalloween,1
"@jacquelinemegan I'm sorry I Heart Paris is no longer available at the Rockwell branch! You may call 8587000 to get a copy transferred! :)",0
Louis inspired outfit on Monday and Zayn inspired outfit today..4/5 done just need Harry  :),1
#Repost Chris Bosh may be ugly. But he has a gorgeous wife and adorbs baby. I want to be happy like them one http://t.co/S6moxr1U,1
"Gold edges down ahead of US jobs data: SINGAPORE (Reuters) - Gold edged lower on Friday with investors waiting for... http://t.co/CiqFona1",0
"Monday before I leave Singapore I am going to post something that might be offensive.",0
"Here in the Philippines Its November 2 and I was like where's my phone?! What is the time in LONDON?! #Excited #LittleThngs @NiallOfficial",1
Tonight Dr. Terrie Hale Scheckelhoff will be formally installed as the 11th Head of School. Welcome to the Saints family @TScheckelhoff!,1
"'Love-cheat' Daniel Radcliffe splits with girlfriend Rosie Coker: London Oct 19: Daniel Radcliffe has split wit... http://t.co/ZVlsK2HQ",0
"@solz_b He's a true Niners fan he brought it up in a interview during his 2nd season. :D",1
"Patriots Extend Lead Cruise into 4th with 38-7 Lead - Pats Pulpit: The Patriots extended their lead in the 3rd ... http://t.co/knFUZ5ak",1
@KevOrf_5 Yeah I think so. We saw Suarez score up near us and we played pretty well 2nd half so it wasn't so bad. Probably should've had ET,1
Pretty Little Liars was the shit ! I can't wait til tomorrow ! I wanna see who all innocent & who got something to do with Allison dying !,1
@MonicaGonzo Texas and Baylor both looked awesome last night. We are heading to the games tomorrow night.I say final is Texas/Baylor,1
"#7FactsAboutMyBestFriend 17 plays softball loves the Lakers she's a LA girl Junior Birthday September 15th & she loves her black boys!",1
"waking up to a Niners win makes Tuesday get off to a great start! 21-3 over the cards and 2 games clear in the NFC West.",1
Contest Tomorrow! I will post a local Tucson property that is currently Active in the Tucson MLS. The first person... http://t.co/V55HsKTI,1
"@justinbieber im so excited even though i wont see you til novemeber 5th. oiershdjkfwle GOOD LUCK TONIGHT KIDRAUHL!",1
"Well if no ones going to school tomorrow then I guess I won't go :p",0
"Watching Contraband on the PVR & it's too frigging predictable to continue watching. Gonna go wash my hair. #friday",0
"@JoshNorris @Rotoworld_Draft I'd be pretty mad if the Packers took Bernard in the 1st just bc Cooper/Eifert would be better IMO.",0
"Steal by Chalmers on the break away and is fouled by Garnett. That is his 3rd foul of this game. #Celtics #299COMM",0
"Free to Watch!!! Justified: Justified follows Marshal Raylan Givens a modern day 19th century-style lawman w... http://t.co/Lep5fnF1",1
@drewbrees I admire the relationship U have with your family. Lol iron man's a pretty suitable costume. Good Luck Monday Go Saints!,1
"Come see the David Bowie tribute show I'm in @ King King H'wood Nov 4 & 5 (my b'day). 6 singers/dancers 6 pc band - killin!",1
Your like Jordan's on a Saturday I got to have you and I cannot wait. .,1
Up 20 points in my money league with Vernon Davis and L. Fitz still to go tomorrow. Thats what I like to see,1
DEEJAYING this FRIDAY in THE FIRST CHOP it's CHRIS actual SMITH with a smashing mish mashing of TUNES from Stoke... http://t.co/N3W1Dkrv,1
"The Rick Santorum signing that was scheduled for tomorrow at the Books A Million in Exton PA has been CANCELLED due to the weather.",0
"@DannyB618 Sure absolutely-- I meant out of the Bachmann Perry Santorum Herman Cain bunch this election. And Romney was not my 1st choice",0
"@RichardGordon48 re Levein discussion on Wed. Can't keep changing boss but he is far too negative. Brazil gone new boss cud experiment.",0
Hustle cause you got to then kick back n party everyday like its Fri,1
I can't sleep. Way too exited about Vancouver tomorrow! I'm like a kid at Christmas.,1
"Entertainment: Tina Fey and Amy Poehler are hosting the Golden Globes airing Jan 13. Get ready for a night full of laughs!! -Ashley&Alyssa",1
#pause I bet the clippers are gonna get in the Lakers ass Friday (today),0
"@h0tlikepayne: It's #confirmed that you can listen to the deluxe version of TMH on ITunes 9pm GMT on Nov 5th Monday.",1
"Busy day tomorrow staging at bliss instead of sustenio!! Both very cool places. And my last night in Texas. Its gonna be great! :)",1
"Thursday night is reserved for comedys on NBC FX and tonight NFL Network.",1
Mitt Romney falsely claimed he saw his father march with Martin Luther King Jr.  http://t.co/QcSDqEyB Mitt Romney what won't you lie about?,0
Get to see my big sis sunday and watch the Packers game! #missher @Laurrr_Miller,1
"Not only is @MzMandyTugz home from China she's in LA...I called her and screamed Mandyyyyyyyyyyyyy...I'm gonna hug her for 2 hrs tomorrow!",1
Going to Singapore tonight :) Excited for Skyfall + penny boarding tomorrow!,1
"@TatiCuteAss you ain't gone do shit tomorrow we gone see chicken shit",0
Bama maintains the longest active unbeaten streak as they march (again) to the national title. ROLL TIDE!,1
"So Clattenburg's alleged racism may mean end of his career; Terry Suarez Rio use it and can't play for a couple of weeks? #consistency",0
@ZulaGp @misstoyaj Watching this great interview with Ava Duvernay-new film coming out Fri. with the beautiful Nigerian actor from Red Tails,1
Pretty Little Liars is not back until the 8th of January!!! I'm devastated,0
i like how each Friday the announcers hype how Alabama can be beat and each Monday state how Alabama is still number one...,1
Thanking all my lucky stars. (no Madonna) With the sun in the mornin' & the moon in the evenin' I'm alright.,1
"The Philippines just passed a law worse than SOPA which actually criminalizes criticizing someone online. http://t.co/wUMX95vR",0
"Emile Heskey has sure started his A-League career well. 4 goals in 3 games! May it continue. Match Stats http://t.co/SUCqdSM3,1
When I was little my brother Liam asked me is it tomorrow yet? And I replied no it's always today. #5yearsold #bookofquotes #smartbaby,0
@WilliamShatner You are top billing to Shakespeare in Google but 2nd in Wiki. One a master of English; the other from Stratford.#Shatoetry,0
@emmasq Gary Ablett has to be a #Monty surely. A lot of losses but clearly best and most influential player in the #AFL #Jobe & Thommo 2nd,1
@edcfc73 cheers 4 the ticket ed 4 wednesday Steve looks a bit like Ricky gervais #ugly fucker,0
@Real_Liam_Payne i'll be in london within zayn's birthday the 12th of january meet you there hahaaha DREAMS AND IMAGINATION OF MINE ..,1
@cocosworld @numolai nor'easter superstorm with snow and low temps according to fox http://t.co/ilhYhhwB  it may change paths by then,0
But honestly I think Miami may be the Alabama of the NBA.,0
@TyMo214 Well said on HMW. Can you now address why Texans fans file out of the stadium midway through the 4th qtr of every game?,0
@BooGotti_So1OO Girl Exactly But I'm Mad Because They Pushed Gotti Date Back! But Fuck All That NOVEMBER 23 RVA!  Shawty how you acting??,0
264234360113348608	On the Jersey shore emotion outweighs cost of rebuilding: BAY HEAD N.J./BOSTON (Reuters) - The people of the Jersey Shore may feel ...,0
264127072497176576	@CurtTheArcher1 The may have the best defense..but they still lost to the Packers,0
264159497478623232	Sad scenes about Underoath splitting. Off to Newcastle tomorrow for the weekend. Try catch the #arsenal game too. @jamiedurent if yr about,0
259303770373124097	Anybody at the Trib: where is Ike Taylor's Friday column? Sucks I can't find it. First one I've actually looked forward to reading.,0
263471255196418048	Get pumped for the new season of Justified!! #january,1
263410952945401858	Sunderland have some shit fans! They all were going home with 10 mins of the game left. Demba Ba still 2nd top scorer #lalas #smb,0
264190196520722432	#7ThingsAboutMyBestFriend 1.She is in love with Zayn Malik and Beau Brooks 2.Ive known her since 5th grade(; 3.She is so tiny!,1
264253864616808448	I hope anderson starts tomorrow's game he did very against chelsea,1
264186362553577472	@ZackRyder Look forward to seeing you in Newcastle tomorrow night! I'll be front row wearing a Broski t-shirt! #WWWYKI,1
254366850903842817	@tessgrosvenor27 the Fiesta Bowl. And I was surprised to see they were ranked 6th in the polls. Cuse don't get alot of love in football land,0
264202522598719488	@DJiAM_ it'll prolly sound like the 1st Pluto which was ................... ok I wonder if he gone have Kanye on it,0
264230891113553921	I'm going to the Texans game Sunday!,0
262650504411234304	New series of Greys Anatomy starts on 07 November - one good thing about winter is the return of the best US shows! #nightsinfrontofthetelly,1
264059103092015105	Suarez is 1 YC away from a domestic suspension. If he picks up a YC this Sunday vs Newcastle then he will miss the clash at SB next w/end.,0
263873145658814464	Two-thirds of the NCAA football season are completed. The race for the BCS title game is heading to a huge controversy. http://t.co/KStEPiWn,0
263800824633892866	#Hawks fam twitpic your Halloween costume to win a pair of tickets to see the Hawks defeat the Rockets this Friday @ATolliver44,1
262341309170319361	Sitting at home on a Saturday night doing absolutely nothing... Guess I'll just watch Greys Anatomy all night. #lonerproblems #greysanatomy,0
263994623628812288	Cardinals try to pick up the pieces against Packers: Embarrassed on Monday night the Arizona Cardinals are left... http://t.co/ruHfUKuf,0
264222475318071296	@JulesHolman Dear one was driving from Newcastle. Sunday? So glad @NorelleFeeehan liked it - it was great to meet you Norelle!,1
263575508405612544	@Nessaa456 the 6th chapter talks about malcolm x and I think martin luther king.he kinda contrasts them,0
264244721747107840	@1DticketsUSA online it said One Direction tix for Paris April 29th 2013 go on sale at 10am what site can you buy tickets!,0
263760661404852225	@jadinexo U going to chalmers tomorrow?,0
263965294383472640	Off to Anfield on Sunday for LFC vs Newcastle with @willslater99 #excited,1
263597932308226048	@premierleague Mr Howard Webb did a fantastic comback in Chelsea match 05 February 2012 - with the help of two magic penalties of course...,1
264242569154789377	On the Jersey shore emotion outweighs cost of rebuilding: BAY HEAD N.J./BOSTON Nov 2 (Reuters) - The people of... http://t.co/eaPAgwx2,0
262883423062999040	Check out Sir Terry Leahy article in Saturday's Telegraph Weekend section re why he invested in GCSE Maths resource http://t.co/E9gLzAMC.,0
252414863400398848	@KERfortheWIN Plagiarism. Sopa's gonna get you on october 3.,0
264185661848944640	Vegas Beat: Ellen reveals that Madonna helped her come out of the closet: Tuesday's episode of Ellen featured th... http://t.co/PwhBvNK1,1
264071103318749184	Can't wait to go to the WVU vs. TCU game on Saturday,1
263718034919788544	Very much looking forward to Saturday. Afternoon tea and Firework display at the Celtic Manor.,1
264144616725573633	@ThomasCritchley hahaaa. well if u wanna take me to brazil i ain't gonn say no. How about viva brazil tho next Friday night? Bit cheaper XxX,0
264164489698615297  16:46 Steven Pourier Jr. (OLC) MADE the 1 shot Free Throw. DaSU leads 8 - 6 in the 1st Half. #NAIAMBB,0
262611879606755328	Trent Richardson has the Browns out to a 7-0 lead over the Chargers on Sunday.  http://t.co/Kfva5FQh,0
263192187313999872	Gerrard: Every single time they got the ball to their keeper it came in long. Sunday's long ball stats - Tim Howard (15) Brad Jones (20).,0
263543496802193408	Muhammad Ali came into my work tonight to eat...I think that being in the presence of a legend made this Tuesday pretty legit.,1
264122899303116801	I didn't want New York to miss my Madonna show. Get ready for Monday! It's gonna be on WNBC! There is a God<333333 Thanks Ellen :'3,1
262741756003635200	@AllyTuckerKSR @rbramblet Maybe KSRc needs a wrasslin' recap then. @kysportsradio once mentioned we may have things about The Bachelor,0
261663379939291136	Life just isn't the same when there is no Pretty Little Liars on Tuesday nights.,0
263705972151824385	(Times Pic) LSU Coach Les Miles said BCS title game has no bearing on Saturday's matchup with Alabama http://t.co/e7qDoIyC #LSU,0
264198224213073921	@rwh4vt: We look like UVA. There I said it. So sad but so very true.. November 24th is going to be a circus,0
264220138650365953	Class early in the mornjng =\ it's bedtime! But do get to see my Sam tomorrow :),0
262729697895526400	@RayWJ: Despite what you may have heard I actually do give a shit. --Honey Badger in an interview with Piers Morgan  @dogorman10,0
264051565520900096	I get to see Ces tomorrow!!!!! Best news since the hurricane. He better not forget his flashlight!,1
257248283259449345	#njed please join @Sirotiak02 and myself  this Tuesday @ 8:30 PM as we discuss HIB. Special guest moderator @WMS_Counselor glad to have you.,1
264198491750948864	Remember the midterm elections? Remember the Wisconsin recall? Just wait for next tuesday.,0
264196161500479488	it's either UA or AU for grad school. As much as I love Alabama I'm thinking Auburn may be the better choice for me.,1
264218637316022272	Watched a Pride and Prejudice play and then the season finale of the 2nd season of Downton Abbey. Tonight is so British.,1
250084781725990912	i hate how MLK Jr got caught apewalkin at the Selma March (reason why white people call us monkeys),0
262288470612013056	Napoleon Dynamite may be the most awkward person ever,0
262041273526001664	I'm not sure how Teddy Bridgewater playing in the Orange Bowl will go over in Miami. We may find out.,0
264112308777803776	@bursonperson - Spotted: I just saw Elvis I'm beginning to like the temporary 7th floor office. ;) @AOlavarria,1
264232068723122176	got to rockdale today and going back to houston tomorrow THANK GOD!,1
253702800117215232	@MMFlint you got a sweet shout out at a Jon huntsman jr speech in St. Louis Monday night. Well done!,1
264229363485138944	China to open cultural centre in Nepal: Kathmandu Nov 2 (IANS) China is going to open a cultural cen... http://t.co/tYn4QOmg @yahoonews,0
264189541341085696	Pacers fans are going to have fun on Saturday...,1
264230836587597824	YouTube improves upload process with optional notifications and new tags editor: Google on Thursday announced th... http://t.co/BtCcHo7A,0
264098731438243840	Ay up @keithmaxmoz You still want me to get you a pair of tickets for the Sunderland match on 2nd Jan (7.45pm ko)?,0
264127503147364354	Congratulations on scoring your first goal for Swansea yesterday. May I say that you look exactly like Jonas Gutierrez ! @ChicoFlores12,1
233646972853186561	A lot of work goes into to showing a Movie Under the Stars! Come out tomorrow night at watch Joyful Noise on our... http://t.co/zldSzjI5,0
262789538294935553	@BrodyLogan | That way the Orange Bowl would always be a part of me. I think it was a wise choice. Shit is it Thursday yet? Game time!,1
263838207165218816	@JonathaMingo In other related news you know there's no Parks tomorrow?,0
264222435249901568	Gold edges down ahead of US jobs data: SINGAPORE (Reuters) - Gold edged lower on Friday with investors waiting ... http://t.co/hbL19o43,0
264145643528916993	Guarantee if I go to maths tomorrow ill spend the whole time talking,0
256951360573030401	I will watch Coach Stews Fiesta Bowl speech before the game tomorrow. Just seems right for some reason. I know he is smiling at this team.,1
264155821238259713	@Lydia_Style @candyjacobs ahhh girls if I was not going to Dubai on Wed I would take u ladies !! Hope u can come visit me in land of sand x,0
263847027622952960	@OnlyOne_Tikeya it's party on nov 11th at da CHALMERS community hall 10$ to get n,0
263998062945521666	HOLY SHIT. I just realized that I missed Pretty Little Liars on Tuesday. :/,0
262821660405661696	@Lon_Genius my part to the al green joint will be done friday...I'll shoot you an email with the attachment,0
263838583859863552	You should come watch The Devil Inside in the movie room on the 1st floor @Miss_Lady94,0
264256835165507584	But tonight when I went to see Madonna at the Scottrade when I walked in I started crying because I thought about last Saturday.,0
264152388418547712 Are the Canes the biggest losers in the Marlins Park deal? Losing the Orange Bowl = Not good for their program. Bad look at Sun Life.,0
263513151205695488	SIKE/APRIL FOOLS/ NEVER say Never but this is the exception ****Turns on Pretty Little Liars,0
264240618128150528	Watching CBC news in Vancouver awaiting the WSOP Circuit event tomorrow. What's on the Canadian network? The US election - what else...? :),0
264226309599805441	This guy is going in the mail tomorrow addressed to the Georgia Athletic Dept. http://t.co/tgMmQtiq,0
264242070787616768	...it's Jason and i 3rd year anniversary today & it's my baby makes 3 months today! im the happiest and luckiest lady on earth :),1
262935242065715200	@AubrieMcg  Rob mentioned it in his Sept 24th email to CES members.,0
264239999535423488	@VictoriaBiebs So we probably wont hang that long okay? I wanna see you before you leave China. :D Oh are you going tomorrow?,0
264037489373749249	Tim Tebow steps out with girlfriend Camilla Belle in Florida (sun-sentinel): Share With Friends:  |  | Top News ... http://t.co/M9Sap8E3,0
262804310981738496	Wow what a weekend: Flying Lotus Zombie Apocalypse writing Patriots Dog Beach...goodnight everyone. Monday morning screw you.,1
258729405533286400	@pkerns603 one time i sat next to rick santorum and i swear i was polite the whole time,0
264050684956143617	[ESPN] SEC lunch links: Some linkage for you on a Thursday: Alabama will throw some different things ... http://t.co/N8HFRZtk #Bulldogs,0
264238936057061376	Tomorrow: LAX->Phoenix->Dallas->Houston. Long day of flying.,0
264028489068445696	I just have to remember to go online tomorrow and watch Grey's Anatomy  Scandal  &' Vampire Diaries .,0
259518582331940865	We're going to be in the rose parade tomorrow with the other obedience club dogs! Lizzie will be wearing roses! :-),1
264238854872129536	@chriscolfer can you make an appearance at sbl in january i mean i know u live in california but i promise not to fall this time,0
264080053112033282	Not 1st time we've had shocker at Anfield on Halloween.We can all see what needs to be done.Carry on Brendon you've got my backing #lfc,0
264046914213916672	Kirk's Bike Shop: Support the businesses you love and Shop Small this November 24th. http://t.co/SFMNKNi6,0
263517106207870976	Chris Bosh may not be easy on the eyes but he has a freakin beautiful family!,1
264104267852419074	BU grads are the 7th most employable in US after Harvard Yale Stanford MIT Columbia and Princeton. #hopethisistrue http://t.co/yDcczEqP,1
247589635465814016	Thought For The Day!!! My Pain may be the Reasons for Somebody's Laugh....but My Laugh must NEVER be the Reasons for Somebody's Pain!,0
264221549761011713	Also don't forget #YourHealthIsYour Wealth 11.14.12 that Wednesday before #TheAKAdemyAwards come do Zumba with your @SFA_AKAs,1
260162427268767745	Napoleon dynamite is on and im not going to school tomorrow. #fantastic,1
264255912032731136	@JustinLueck I'll try to take some more pics tomorrow I lost mi phone during the service and all I got right now is that pic I sent you,0
251426446743044096	An alarm on my phone still goes off every Thursday for a Jon Huntsman For President National Finance Team Call. Probably time to delete it.,0
260010618818551808	@JahmeneDouglas please please would you consider singing etta James at my wedding in may? We chose the song coz of you <3,0
264201139220799489	Watching Eddie Izzard Circle. Sooooo funny but I think it's bed time. Will make Andy watch it with me tomorrow.,1
264234324205907968	Looking forward to a fun weekend in the mountains and enjoying the snow in California.  Have a great Friday. http://t.co/Itxs0ik1,1
258020434564489217	The last thing Dr. King ever said to me before he went down to Memphis: 'Harry we may be integrating into a burning house. ~H. Belafonte,0
260861751086686211	People's Choice Awards site is sooooo slow c'mon I want to vote,0
264236228038246400	This Friday we are mixing Tumblr with Twitter ah well.,0
260187105895010304	@_Cottenballs_  well Geaux Tigers:) and yes it is and then three days after that is.....Nov 6 which means election day! #RomneyRyan!,0
263714118731706369	BREAKING NEWS...........Man utd have placed Howard Webb on the transfer list after new signing Mark Clattenberg makes dream debut on sunday.,0
264238050891165696	@MorbidWhore oh I'll be 19 in February. Where do you live? I live in Florida. :D,0
260031011700752387	Ricky Gervais - all that money all the freedom that money brings. Thought he'd spend Sunday Tweeting...,0
262043061960458240	Hope you're getting up to meet me at our Women's Health Symposium! 9-3 at the Kentucky Center for African-Am Heritage on 18th & Muhammad Ali,0
262596447818616832	Homework catch up day and then dinner with the Big Brother before the hurricane. I kinda need school not to happen on Monday,0
261517820276387841	Hey all you #SupportLocalTalent folk tomorrow is the deadline 11:59PM to vote for HMA People's Choice Awards http://t.co/zNvfWP1c #HamOnt,0
263985015308828672	New header of Lana Del Rey *__* her face is getting blocked though I may change it later..,0
264167026761793536	Hating Breitbart out tomorrow in Wisconsin - Oshkosh Appleton Ashwaubenon and Brookfield. Check it out guys! #conservative,0
264259554911596544	London copper up for 3rd day and underpinned by China data - SteelGuru http://t.co/X3ph8f8B,0
264170160049491970	@D1_Prospect: Singing find your love by Drake like the kid in my 4th block class that swears he's good. Lmaoooo!!! Leave that boy ALONE!,1
263345039021846530	I bet you won't power clean Mettenbergers unconscious body after you sack him Saturday! Roll Tide @vsunseri3,0
262369945319505920	Did he really just say  You think on 3rd & 23 they would play it safe and kick it. Im Roll Tide all day but that shit was harsh.,0
264231291396956161	#LA The date is approaching fast Los Angeles!!  Be sure to catch the show in Malibu on November 16 th!! Tickets... http://t.co/olsNdSL9,0
262641239072067586	Friday night's concert with White Collar Side Show! http://t.co/UEulX3da,0
264192994222170112	Madonna is in concert tonight in St. Louis.  All the women are dressing like 80s whores.  Some of them may even go to the concert.,0
243420371708153856	Excited for pre-Fashion Night Out drinks at Pipa tomorrow night with the HomePolish designers! First of many... http://t.co/exClqgSM,1
262655345749532672	I googled coffee & its immediate response mechanisms the first page that appeared September 11 attacks Wiki.. I dont see the link here,0
246663760150941696	As a liberal dude I would have seriously considered voting for Jon Huntsman.  I may be wrong but he seems like a reasonable guy.,0
264129063789146112	Aquib Talib for a 4th round pick is larceny. Good move by the Patriots.,1
264217506674274304	Lakers gonna beat the Clippers tomorrow tho !,0
264085518894120960	So heartbreaking that the @NHL is actually gonna cancel the Winter Classic tomorrow must be brutal trying to divvy up $3.3 BILLION! FUCK!!,0
261992333531295744	@Warren_Kole@MichaelEaly Do u follow dj @THEJEDEYE1 ? U should he's great daily songs.Today was At LastEtta James.12th time youtube.Wow!,1
262542008629989377	I want a Sunday kind of love - Etta James,0
263805477090107392	I gave $2200 to the Santorum campaign. Put me in debt. Romney gets my vote anyway  though. 3rd party people just don't get how bad BHO is.,0
264221064362610688	No school tomorrow = Tumblr the whole night till i fall asleep p;,0
264210235907006464	@Its_Zac_Andrews The night Matt has a place in Ypsi and we are going to State Saturday,0
262293273136230400	@Anfield_Talk been awhilesat back taking stockthink we missing a fox in the box has anyone else clocked what Jordan Rhodes is doing? 1/2,0
257214478075191297	My best friend is trying out for the Rose Parade tomorrow. I wish you the best Shante<3 Good luck! @Forever_Shante,1
264010411320422400	A panoramic shot taken Saturday at the Devil's Den Yellow Rock bluff. Mike http://t.co/ya80gHKS,0
264145761304989696	The Bill Michaels Huddle is on the air now Call the show at 855-830-8648 to chime in about the Packers matchup against Arizona on Sunday.,0
264214933732990976	@C_Murder56 yeah she been there for like 3 years n she gettin stationed back in Georgia in June I think,0
235360182165700610	Join us in the AV Dept on Weds Aug 15 at 7pm to watch the free movieJoyful Noise for all agesunder age 8 needs adult.  #stdlav,1
263960738626945024	@Espngreeny U guys talk about Eli in the 4th qt Big Ben isn't to shabby either and steelers fans aren't complaining trust me,1
255230950575861760	Off to watch el  classico now.... May even rewatch the first 18mins of yesterday #MUFC NUFC too,0
252784868306595841	@jemcapeding lets just go protest tomorrow spread to our pirate brothers! We did it with SOPA lets tey it again :),1
264053106000683008	@JohnKincade Christian Ponder & Samantha Steele not Jenn Brown. Steele was hanging out with Les Miles on Tuesday.,0
264244207223459841	China's SSE Composite Index shows the way up 1.1% on Fri.  The stock market is a leading indicator.,0
263958814259281920	Forget the Ricky Gervais animation show...this is the animation *vid to watch!... http://t.co/sQnBgPpz *May have something to do with us.,1
264182565752172546	@Imaginers_of_1D May I have one with Liam please? My name is Bethan :) x Thank you!  X,1
244485852003172353	Best attitude for living: My Pain may be the Reason for Somebody's Laugh But My Laugh Must Never Be the... http://t.co/kLcELM2d",1
"One. More. Source. C'mon google just one more #PLEAAASSEEEEE",0
camping out on the parade grounds thursday and friday night to make sure our tailgate spot is safe. GEAUX TIGERS,1
"Day 1 of #SunTran riding = 50%. FAIL. I don't know where 110X picks up in downtown Tucson but it sure ain't 6th & Congress! Calling a ride.",0
Yeay yeay yeay!!! Home opener tomorrow! Let's go @warriors ! AND excited to hang w/ greatest fans in the NBA! See you all there tomorrow!,1
oh and Red Tails for the 1st time.. yeah yeah kinda orta late af.. but it was good!,1
"Guys when Liam comes on tomorrow. Please spam him to follow @1Dsexydudes it would make her smile. She deserves it. Please. I'm beggin you.",1
@Real_Liam_Payne Ive got a Maths exam tomorrow. Can you wish me a luck? No? Okay thanks. I wont pass this exam.4,0
49ers helping the Vernon Davis cause for story on @E60. Profile on him airs tomorrow on ESPN. Good stuff. #E60,1
So excited to go to Philly tomorrow wifff the best people everrr @rue_says @c_spenceful @LaurenElyse6 and Roseeee :))) #lovethem,1
"Foxtel is the best money I have ever spent. Productivity goes down on Tuesday's... Newsroom Mob Wives general omg-ness. Love it.",1
If you don't pipe down I'm gonna injure Tim Howard so you have to watch Jan Mucha all year !! #InsultSomeoneLikeTysonFury,0
@Ray_Esa @Don_Tony Heat didn't start the season like that in their 1st year. LA lost to MAVS with no Dirk! Pathetic!,0
Teen mom 2 on Monday Ahhh can't wait!!! Wish I could watch with @WhitkaeCRAY19 !!! Best line ever im addicted...I love weed!!,1
"Parlay hit fantasy teams won Giants sweep Niners smash. Best week ever and it's only Monday.",1
"Stats are stats & records can be broke.. but crunch time 4th quarter Jordan had niggaz SCARED to D up... BronKD & Kobe can't say the same",0
"ZUMBA FITNESS CLASSES IN ERDINGTON - EVERY WEDNESDAY - ZUMBA IS FOR EVERYONE! Loaded with red-hot dance steps Lati.. http://t.co/oyRjeEDN",1
Barclays Profit Driven by Investment Banking: LONDON--Barclays PLC (BCS) Wednesday continued to reap the rewards... http://t.co/jBz4Ha55,1
"PUMPED! MT @NestaMAZING: Tina Fey & Amy Poehler will host the 70th Golden Globe Awards in Jan & for once I may care about an awards show!",1
"See you all in the church tomorrow's MIRACLE SERVICE at 7pm and God will be bless you in Jesus name. John 3:16... http://t.co/jPlvGD4p",1
"I ain't asking for much just listen to atleast the 1st 3 songs & give me some feedback>>>DreamTeam (Full Mixtape) http://t.co/OzvJr3jY",1
"my iTunes is playing sun is shining by bob marley my ears can't trick me it's BLOODY freezing. hat scarf AND gloves today kids!",0
Can not wait for the 3 season of Mob Wives. #TrueBitches #January @DritaDavanzo @Carlafacciolo,1
@real_liam_payne Liam please follow me for my birthday on the 3rd! Love ya! c:,1
Going to sunderland vs villa on saturday.. Dont hold the highest hopes for a good match,0
Matt Flynn May Never Play Quarterback for the Seattle Seahawks - Bleacher Report: Bleacher Report... http://t.co/8HuFaY8L #seahawks #nfl,0
Be proud of what you do! Monday Morning Motivation: Martin Luther King Jr. http://t.co/CHy9jz07 #Inspiration,1
Emile Heskey scores a bicycle kick (2nd goal) for Newcastle Jets v Melbourne Victory!!! http://t.co/O0PP1KaL --- What the ? How the ? Why...,1
@Amanda_Holden how sad are you that Downton Abbey ends Sunday? :(x,0
@thereisnoBattle 1st using the Pacers...never even practiced with em.,0
Man just watched the Lakers highlight from yesterday and there going to get destroyed tomorrow,0
Pacers won without Granger to night David West step on in the 4th #GoIndiana,1
"John 3:16the Fab Fourthe 50 Yard Linethe 13th floor9/11the Dirty Dozenwe're all waiting for the 2nd coming...Numbers-JMC #GreatSong",1
Can't wait to kick it with these outstanding musicians as well as perform for my New England fans on Saturday... http://t.co/vn7WYrzx,1
"@justinbieber i miss Kidrauhl proud of Justin Bieber. I love you today tomorrow and always.",1
Tina Fey & Amy Poehler are hosting the Golden Globes in January. Best news today!,1
My idol is tuning 15 on Monday! She's growing up so fast!! I remember when she was that girl on Wizards of Waverly Place @bellathorne,1
Willis McGahee had a pretty gruesome knee injury in the Fiesta Bowl... Bills still drafted him late in 1st round.,0
I have to go out drinking on a Wednesday so i cant watch the Bachelor until the next day #firstworldpains #brockuproblems,0
@Ratchet_Fuji  #FightForMatt I think that I want to make it spread so that you may not be inconvenienced. I wish  Matt becomes fine.,1
"Excited for Super Sunday coming up? Milan Derby El Clasico Newcastle-Man Utd Marseille PSG? Should be epic. Keep it locked here 4 updates",1
I don't think Dwight Howard is gonna last in LA. He's already frustrated and it's 2nd game... Uh oh,0
The Philippines has just passed a law worse than SOPA. http://t.co/GQdlCRvb,0
it's officially November 2 here in the Philippines.. so.. umm.. HAPPY BIRTHDAY Kendall! i love you! @HeffronDrive @bigtimerush,1
"Well the sun is finally coming up so it's time to slap some bacon on a biscuit and get to work.  #burningdaylight  Laters Patriots!",1
Highlight of that game was the bottom of the 10th. Some guy chillin with a John 3:16 sign behind home. Sup bro.,1
"Watching Contraband for the 3rd time Mark Wahlberg is the man!",1
@MariahRoseFaith it won't work for me because iPod but whatever I'm honestly way too tired to care I'll find it on tumblr tomorrow,0
"@OldMaryJade you might not wanna come to anatomy tomorrow we have a test lol",0
So KG gets a fouls called for not touching Chalmers ..... incredible that boi better be the 1st victim of many more fines to come #stopit,0
Cannot wait to smash dinner tonight and eat my feelings...and then box all of it off tomorrow Muhammad Ali style.,1
"After 6 seasons Gossip Girl's ready to say goodbye on December 17th with 2 hour special New York I Love You XOXOX",1
"@SpicyMamacita69 I hate those movies and Devil Inside and I think it's called 4th kind. All those documentary type.",0
hmmm how about this book for my birthday.. and El Clasico in La Liga will happen on March 3! sweeeeet! http://t.co/3qSFAiIU,1
I love Thursdays....Grey's Anatomy....One day closer to Friday.....and No driving to Huntsville.,1
People may hate on Jersey Shore but honestly I love it.,1
El Classico on a Sunday Night isn't perfect for the Monday Morning !!,0
Why can't Sean's season of The Bachelor just start Monday? #roses #TheBachelor #EXCITED #bestshow,1
"@AlistairWhite tomorrow? I don't think so babe sorry... only confirmed sunday with Pats...",0
"My Saturday night is the movie Contraband Kate Beckinsale is good looking",1
"@apwestgarth In case you didn't spot it Greys Anatomy is back next Wednesday at 10 on Living // @stack72",0
@Jonny_Hancock87: If you google fresh prince costume I'm the 3rd picture! That's cool!,1
Tom Stone has this soccer team rolling. HUGE game tomorrow against Baylor in the Big 12 Semifinals. #wreckemtech http://t.co/drR4kNw7,1
This is only the 4th time wearing my Concords,0
Bold prediction: Cowboys will beat the Falcons Sunday night! #CowboysNation,1
"Who the hell moshes at Matt and Kim?? Next time watch out for my face mofos! My cheekbones better not be purple tomorrow. @alexanderCXV",0
"It's #DigitalWednesday! If you want an MP3 of Keep your Foot on the Devil's Neck be one of the 1st 10 people to respond I DO!",1
"@HiIAmEbalyn Kuttayyou have an exam tomorrow yes?All the best :D do well and don't think about Zayn and all :P focus and shit :P bye <3",1
How in hell did Philly give #MichaelVick a 100 million dollar contract? They would be better off with Matt Flynn for a 1/4th price. #Idiots,0
"To whom this may concern: Please get your shit together before you talk about somebody else Love Paris",0
Did the Patriots just actually blitz on 3rd down.. amazing what some pressure does,1
no Chipotle today and no Grey's Anatomy tomorrow......... obviously the world hates me,0
"(And trust I could talk forever about Madonna's choice of singles. Would *anything* from MDNA had been a better 1st single than GMAYL?)",1
@_robnotbob haha it'll be alright. We got Swansea on Saturday tho away hahaha just like we talked,1
"@joelmchale February?! The fuck. NBX shitting the bed w/ Community Parks and Recreation Up All Night and 30 Rock",0
Steve Jobs and Dr. King on the same level?!?! Nah... C'mon Kanye..,0
Drake didn't drop any new shit in October. @JaimeeHendrix cried this morning when he realized,0
Leah from teen mom 2 is pregnant with her 3rd child and is getting married for the 2nd time to a new guy.. Congrats you're 19.,1
"The perfect day apart from Jordan Rhodes' late goal for Blackburn. Up to 6th in the table bring on next Saturday! #nffc",1
@SimpplyA TMILLS is going to Tucson! But the 29th and it's on a Thursday :(,0
"WSJ: Microsoft testing homegrown handset designs with suppliers may not see mass pro:   Until very recently Mi... http://t.co/7E5QXak8",0
"Frank Gore & Vernon Davis make wins tomorrow please. #fantasyfootball",1
"@AdamantCriminal: WHITE COLLAR returns on Tuesday January 22 at 10/9c.Can't wait to see it :-)",1
@pewterpirate83 remember we just beat Arkansas and Ryan Mallett in Sugar Bowl! Arkansas was 2nd best team in SEC that year,1
@anpburgers Good lad. think it's actually a Saturday. I have the 17th in my diary. S S + AMAZING. El Classico in La Cuchara a highlight!,1
"At some point tomorrow morning/afternoon the #NHL will can the Winter Classic and effectively the entire season. Is it March Madness yet?",0
I was legitimately more impressed and intimidated by The Devil Inside than with PA4. Might not see the 5th one at all.,0
"Sugar bowl then we might play riverside playin st aug peabody op walker. man district goin be the easy part",1
"just a quick message to my #TVDUKFamily and anyone else who can't watch TVD tonight my surprise won't be revealed until tomorrow so ...",0
Contraband with the boys! So eager to finally watch it!! @David @Ronnie #Monday #bored #ineedmoregirlfriends #pathetic,1
Being HUMAN is our number 1 job. A responsibility. Don't you forget it. Happy Friday! :),1
Kanye and Kim as Batman and Catwoman may be the best thing I've seen all week,1
Rasheed Wallace said he's ready to play 30 minutes if needed in tomorrow's home opener at MSG against the Heat.,1
going back to Houston tomorrow(: excited!!!!,1
Can't wait to go to to the Patriots game dec. 10th :) ahhh i hope we get a mssive snow storm!,1
Attending #WIFLC with our chapter on Sunday? Please bring items for the charity event. Check @WisconsinDECA's FB for more info. #DECALove,1
"@TheBiggIdea If you watch Any Given Sunday backwards it's like Tim Tebow's career.",0
"#sunsetcinema continues next Thursday with RED TAILS a fantastic portrayal of the Tuskegee Airmen in action http://t.co/XAQKlwgM",1
What Would Derek Fisher Bring to the L.A. Lakers?: The  Lakers  may soon be creating a new position for free age... http://t.co/MoVKypoU,1
@itsjudytime praying for Judy!! May the Lord Jesus fill your room with His Love and protection!! God Bless you!! John 3:16,1
No way Bucs make that Pats 4th round pick in 201:. It will be packaged to move up. Dominik loves to climb the draft ladder.,1
"I needa find this stuff for tomorrow WSSU parade (: I'll be with PIPA but you know I'll be with reppin my MUSTANGS!!!",1
"@gsafc thank you very much appreciated hoping to deliever great football tweets and good banter shame about tuesday i do like Sunderland",1
"@ardecarteret have a fun trip tomorrow! Your note is on Tumblr is you didn't see it yet :) I believe in you I love you and run fast <3",1
Welcome Monday. Time to hustle. Get on the train. #hustle #work #love #career #train #chicago #vision #focus http://t.co/OJ22bP0S,1
"@kjrmitch you should call in sick....i mean who can listen to HM tomorrow.  Blah blah...matt Flynn...blah blah blah...matt Flynn....blah",0
"@madeleinegracee seriously got punished for a month in the 8th grade for going to contraband and its been downhill since #wildchild",0
@mtracey such a foolish thought. Santorum and Palin would start a primary challenge in March. Depends on Congress some but EO first day.,0
Happy Birthday @hitmansteviej may you have many more. Can't wait to party with you & @MsJoseline on Sat. in DC @LoveNightclubDC,1
Significant development Monday night: 49ers QB Alex Smith and WR Michael Crabtree were on the same page. http://t.co/BjV8UC7v,1
@kendalldawn13 it's time to call in the CBB...Monday is going down!,0
"That awk moment Baylor offers a ridiculous amount of money that could be a full ride at Tech but doesn't even cover the 1st year. Eff ya.",0
"Kanye's 6th solo album apparently... Brighter than Dark Fantasy and shit that you can dance to. It'll be a smarter album than Graduation",1
"@redfoster Sorry Red I'd normally love to but I can't.  I'll be locked in the office Saturday and Sunday except for the Pacers game.",0
@kirkcandersen @godbless_erica Kirk you've been my best friend for 16 years and Erica has been my best girl friend since 7th grade,1
"Take the 1st step in faith. You dont have to see the whole staircase just take the 1st step. ~Dr. Martin Luther King Jr. #quote",1
Justin may grow up but he will always be the same ALWAY the Kidrauhl tht will be caring for fans being weird and making others smile,1
@dayaneeb isn't it still due tomorrow? Ah dude I'm like rewriting my Drake song.. Lmao and changing words on it,1
Monster jam tonight and Celtics home opener tomorrow...loveeee living walking distance from the gahhhhden #bostongirl #citychick,1
"Great start to my 4 days off sat on the sofa feet up with a JD and coke listening to Al Green get in :D",1
We may or may not be skyping with Drake right now....hahahahaha #MadeMyNight http://t.co/ixnemzDg,1
"VDN on Lamar Odom practicing today: It was good to see him out there so we'll see how he feels tomorrow. Odom said It felt good.",1
I'll be glad when it's tomorrow so I can stop seeing tweets about how Justin bieber is cool,1
LIVE: Sunderland v Newcastle: It may not have the glamour of El Clasico or the title implications of the Manches... http://t.co/vcZbEVUs,0
"Andy everything looks positive. You and the NY'ers survived again.  Still one mind set love my Carhart just bought the hood Wed  Lookn Good",1
Come hang out with our wonderful PCA's and learn about Networking in the Job Search tomorrow form 2-3:30 in the student union. See you there,1
Clearly RWs fault. Super stoked for Monday's radio programming and the shit storm about how Matt Flynn doesn't fumble that ball.,1
The Fiesta Bowl was pleasantly surprised Monday to learn it is one of six finalists to hos http://t.co/7U79Ergo,1
A blast from the past... Daisy May's should have received a Golden Globe for this one. ;) LOL. http://t.co/p4NzUFON,1
Still the 1st Canadian club to make it to the MLS Playoffs... Nothing can change that #History #positive Vancouver is a beautiful city!!!,1
Matt Flynn May Never Play Quarterback for the Seattle Seahawks | Bleacher Report http://t.co/7G6XFRVa via @bleacherreport @seahawks,0
A white guy just quoted MLK Jr. on stage at a conservative conference. Liberals may now tantrum it up. #FreePAC http://t.co/lY9unNtg,0
After sunday and wednesday's game I'm happy with Chelsea style of playing it has improved from last season :D bring on Swansea #sfc  #cfc,1
@sergiomckenzie ano it was Chelsea when they lost and MUFC when they lost last night! Can't see Pardew saying about Suarez if lfc win Sunday,0
@vickiwright Being Human. Is that the 23rd? If it is I am free for a London trip...if I'm welcome as a guest. I'll bring cream eggs haha,1
@DustinHurst @jhwygirl when you're accustomed to the 5th grade anti-intellectualism of Fox and conservative radio it must be jarring.,0
Mavs couldn't withstand the 3rd quarter by the Jazz. Maybe a little fatigue from a back to back? #WorkToDo,0
"Keep the faith @LAGalaxy fans we're never done until the final whistle. The battle for California supremacy begins Sunday. Bring it.",1
Chris bosh MAY be the ugliest man alive.,0
power is cancelled tomorrow due to lack of hustle....deal with it #Sandy #heavyweights,0
"Heading to Mangere Arts Centre tonight to support our PIPA 2nd years in their solo pieces go hard guys!! See you on stage!! :D",1
"@ESPNChrisPalmer: Dwight Howard gets his 4th career 30-point 10-rebound 5-assist game. Too bad it comes in a loss. #Portland",0
"Los Angeles Nov 2 (IANS) Actress Keira Knightley says although she does not like some traits of her character A... http://t.co/KfcjX9KW",0
"In the Sports World Report: Steelers can't find hotel to travel Sun.: The Pittsburgh Steelers will fly to New Y... http://t.co/ANiLhGlM",0
@mwhiteburgh I think those AAU teams may have had more talent than some of those Wizards teams he coached,1
"@real_liam_payne Good. How about you Liam? Bytheway good luck for tomorrow.. :)",1
"@SamuelGarf Sam! It's @Vale_Asencio birthday!! May you wish her a happy one please? ;)",1
"And it that's not your thing don't forget that Being Human is on our stage this Friday heart-warming and gorgeous: http://t.co/vx2RaUte",1
"Over Again is the 2nd Ed song on TMH. A ballad where Harry Niall Liam Zayn and Louis sound most comfortable via @1Dliveupdates",1
im happy 1st i have the same b-day as chris jericho 2nd i just figured out rybacks birthday is one day after mine!!,1
"@g_higuain Pipa a tweet in support of Alonso Ezquerra. & his family. May he rest in peace",1
"If Chris bosh drinks a beer he won't burp till tomorrow long neck modafacka",0
SOPA Is Back! As a Ransomware Virus: [http://t.co/Rzgj7JZJ] After historic Internet protests in January the SOPA... http://t.co/yNaRCd1E,0
@sophers160295 @Official_CPFC don't you worry will still win saturday and bolton will lose #cpfc,0
"Brothers film premiere tonight Sunderland away saturday and Jon Richardson sunday - should be a good few days!",1
@slice_tv Friday nights are all about Mob Wives in my house. Respect!,1
@Buranmh at least they got to the big show. Hope Feb 3rd is a good day for the Packers.,1
"@ShakeMeDownKid Ohh wooow it's pretty asl (thnx google) . We in it. Haha. Anywhoo I'm going to sleep. We gotta chill soon or Sunday. :P",1
In the Los Angeles area on Nov. 30th- December 1st 2012? This is a red carpet event that you do NOT want to miss! http://t.co/s0lP9Y8c,1
Oh God can ABC be more obvious? They keep touting Taylor as 1st female to win EOTY 3x in commercials. Give it away much? Vomiting.,0
@smg_xox aw thanks sam ! I miss you too much. & tomorrow you better text me. I have a lot to tell ya .,1
"@QCook323 Champs Heat MVP LeBron Coach of the Year Doc Rivers Rook of the Year Damian Lillard 6th man Ginobili Most Improved Lamar Odom",1
"Urban wants Braxton to train with Tim Tebow in the off season!!  I say yes! May not be a good QB but the dude is smart & works hard",1
@GeorgiaSings Have a Great Tour Georgia! So sad that you won't be in Youngstown for a 2nd year in a row & I won't get to see you guys :(,0
@ericcolsen you'll be at Lakers vs Clippers game tmw ?? I'll be there... 1st live NBA game for this German girl... woo hoo...,1
"Why won't NBC CBS ABC and CNN cover the breaking news in the Benghazi story? Information came out last Tuesday... http://t.co/feXPSvfT",0
@jaustinfisher you and Matt and Alex. (: no school thurs or fri.,1
"I know most of us #LFC fans hate him but would we take Torres back for 10 million to play with Suarez up front in January ??",0
@CorbinDunlap oh you will.... Unfortunately I may have to toss a few to Matt... He did my homework,0
"So happy just saw an advert on Comedy Central and they're doing the themed friends marathon thing on Sunday from 8 again yayayayay",1
@CoreyBmorFit I may come up with a thousand excuses but I'm dragging my ass to camp tom!,0
German oral exam on the Monday I go back to school and then on the Thursday I have a maths algebra GCSE kill me now,0
"Oh goodness Rick Santorum will be in town tomorrow to kick off early voting. North Carolina a gentle reminder you're better than this.",0
Looking forward to this concert in Vancouver on December 15th...hope to see you all there! Love that city! http://t.co/Ef8GWk6u,1
when is UVa just gonna cancel classes for tomorrow already? JESUS,0
Meet the stars of The Dream Factory and win movie tix and Sugar Bowl lift tix tomorrow at SB Presidio at 5pm! http://t.co/i3EtICx5,1
@hwangprincess Tumblr keeps eating my messages. Something came up tho sobs. ;__; I'll tell everything tomorrow/tonight. I love you lots ;;,0
#TalkLikeYourBestFriend C'mon Big Ben! You'll never get another ring if you keep throwing pick sixes all the time! @AndrewBurgess95,0
Mao's cult may have no place in China's future: As tension increased on the border with India in the early 1960'... http://t.co/ebPytToX,0
The Spanish national manager Vicente del Bosque believes Sunday's El Clasico set the perfect example: http://t.co/sb47A4Ma,1
"Drake lil Wayne dr dre wiz Mac all dem haters gonna be jealous of our tweets in the sun rise motha fuckas @kstoj05",0
"Watched one of my fave 2011 movies for the 3rd time.Never fails to make me giggle while making me cry and touch my heart.-Makoy Gamboa FB",1
"This Heat fan asked me  did y'all know Ray Allen plays for The Heat. I was watching the game Tuesday and I was like what? -.-,0
263678609535934464	TOMORROW come see ALL IN! at LA's Comedy Central space. It's FREE but you need a reservation- call 323-960-5519 http://t.co/t9NgiMyt,0
260845196147826690	Sooooo.... we think you Whovians may have just crashed the People's Choice Awards site. - doctorwho: Or... http://t.co/m0y72fPv,0
229266031124807680	@ZeeAyy @SHAZvampz Hahahaha! Busted. I just met Hib today hahaha! Ok on monday kiter buke together gether! :D Free labour included tak? O.o,0
264100921196310528	Everton at Fulham: Q&A with Cottagers Confidential - Everton  travel to  Fulham  on Saturday and we talked to  Kris... http://t.co/DUtoISfm,0
260573892739997696	@ChrisWarcraft just throwing it out there Huntsman was the only candidate including 3rd parties who had all 3 on his platform.,0
262877354391638016	Demba Ba is a doubt for Newcastle Utd's trip to Anfield on Sunday after he limped off yesterday. The problem... http://t.co/dmqePF7L,0
263870986217222144	The Blazers aint shit tho lmao wait for the Hawks game tomorrow,0
264249402720411648	@MissAuroraSnow did you buy or rent ? will discuss on skype all this :) sat :),1
264194579593560064	@RikkiRick: Drake may not be the best to y'all but to me he is! & meeee,1
240437538421096449	My Pain may be the reason for somebody's laugh but my laugh must never be the reason for somebody's pain.,0
263986136005873665	For Throwback Thursday Elvis and the Beatles...Two huge icons. Which do you like better? Discuss!,0
263859563260948480	Dwight Howard is dominating this game 29 pts & 9 rebs with 15 minutes left in the game (3 mins in 3rd & whole 4th qtr) #LakersPride,1
264194986394914817	I still don't understand the joke behind Motor boatin'......I'll ask Tom tomorrow morning. (wink-wink),0
244753354704699392	@timtams3 track down one Gary Ablett and check the go with the lovely Lauren. Don't fail me lol I may need to frock up for the Brownlow,0
264069315555373056	Some analysts are beliving that Tony Romo will have a win against the Falcons Sunday night...yeah ok.,1
263852686145896448	@TurnOnTheJets #Jets get Big Ben off the field on 3rd down I'm convinced we win. Everything changes. I'm depressed now @mikejets22 @CGROSS97,0
257127426717536256	We declare heaven is invading NLC for October 31 outreach. Father as it is n heaven we say so it is n r outreach. Sick will be healed,1
262920009800626176	Great weekend...Roll Tide victory browsed flea market (played with all the animals) now @ work...Monday...chilly Monday... :-/,1
263872386351386625	@OhTRIGGA exactly we play again this Friday and Saturday against Bucks and the Wizards,0
264085519338725376	Oh dear Howard Webb is the referee for the ManU V Arsenal game on Saturday at Old Trafford.,0
263476266559209473	@NBCTheVoice  @Mari55aAnn I haven't screamed that loud at the tv since Sun when the Pats kicked it across the pond.,0
264210202600022016	@bananapielord Serious talk If you and Tyler do a DayZ thing I can hook you up with a server. Skype :Ocdsupertoaster <3 Cell : Dinner 1st,1
263804013814882304	The Series Finale Date of Gossip Girl Will Be December 17 - They say don't cry because it's over smile because it h... http://t.co/nLAXPN81,1
263649224531509248	Call us superstitious...our condo does not have a 13th floor. Some Wiki thoughts on the origin of that tradition: http://t.co/BnGepbeC,0
257283721374347265	If OSU runs something like that little pop pass they did in the Sugar Bowl a couple years ago they probably score on this 4th down.,0
263945907442155520	@Docs357 My 2nd Home after New England was California--70 average temperature-- quiet & nice it is here  but 6 mos eskimo-LOL,1
264258566112833536	He needs to win against the Clippers tomorrow or hell will start to rain down on his ass !,0
263802387054088192	I'm going to Black Light Burns at Underworld Camden in London United Kingdom - Feb 14 http://t.co/Kge20qvk,0
264110811071512576	And with the almost guaranteed draft day swap of picks the Pats will get a 4th rounder back when they inevitably move down in the draft.,0
262461361785827328 12th annual #Intersex Awareness Day marked around the globe http://t.co/3fXle11n via @PinkNews,0
263460034904743937	why is Chris Bosh so fuckin' ugly -__- the world may never know.,0
264016632073027584	@NiallOfficial I look forward to see you with Liam Louis Zayn and Harry in Dancing with the Stars in France saturday! :)x,1
264210165719527424	I rememeber I was an 8th grader & In a while were about to be Jr's WOW .,0
264253207029616641	A never-ending gold rush in China: China the largest producer of gold may also become the biggest consumer of ... http://t.co/G25mY8fp,1
264237208289038337	JK bless that this Sunday is the season finale of Downton Abbey. I don't know how much more crying I can take.,0
264247040920403968	@NinaDisco @jordant669 I wonder how it feels to make every girl in the 8th grade cry...Jordan how does it feel?,0
264080683373309953	Winter Classic 2013 won't be canceled Thursday: The NHL will not be canceling the 2013 Winter Classic on Thursda... http://t.co/6qxP63Wv,0
264167525636505601	@OMG_itsnenii @ambardiazx3 oh Wordd Ard well say no more me and Andy gone be back up there on the 8th of november,0
235387256700018690	@ashsmithco only one full day left to look after Pat & Pipa will land @ Bristol 00.55 Thurs morning home by 02.00 hrs,0
253870624244641793	@ProducerSusan I want Mark's thots comparing/contrasting Romney from last nite 2 what may have been Santorum; this from Santorum supporter,0
263750201746026497	LSU Coach Les Miles said BCS title game has no bearing on Saturday's matchup with Alabama http://t.co/YNoxqmN5,0
263507079145332736	As much as I'd like to finish Red Tails I gotta hit the rack. Tomorrow's my boss' last day at work after 15... http://t.co/MOvsyf1W,0
264245686315409408	@amazingdegrace got time for a Skype tonight/tomorrow? Want a pre game chat last day in before vacation is Saturday.,0
262535208950190080	@joeovies the run worked for 3 plays. great. and that drive in the 3rd when TOB took it out of glennon's hands in the RZ? TOB being TOB,1
255300548843155456	The goal-celebration I did when I scored my 2nd goal in the EL CLASICO last Sunday is dedicated to Ellai my loved one.,1
245752586601377792	#NW Red Tails for the 1st time!!!,1
264104803053993984	A midweek storm on the horizon? Be aware as this storm may bring significant impacts to New England: http://t.co/nBrRCVfx,0
260197662756859905	@Loca_Lesley Well have to have a defensive stand at the beginning of the 3rd. But lord knows Ike Taylor will get beat deep,0
262615172047335425	What would complete my Sunday: The Patriots winning and the bumblebees(steelers) losing. :),1
262721439470346241	who ever wins LSU vs Bama this saturday is going to the National Championship,0
263850306813702146	@Raptors have no one to blame in the home opener loss - to the Pacers - Except themselves. Lots of bad shots in the 4th! #Toronto #Raptors,0
263657404355452929	What time is it? @Chilitime Thurs at 8PM! Improv favorite Comedy Central's Bob Biggerstaff! $5 with promo code: CHILI http://t.co/AMDIoYkQ,1
264220491240325120	Ew  School tomorrow  it gets tiring making straight A's -__-,0
264011728084410369	#Broncos Peyton Manning named AFC Offensive Player of the month. It's his 5th such honor second to Tom Brady's 6 tied w/ TD.,0
263331978772901888	LSU needs to do one thing to beat Bama. Run! And stop the Run! Win it in the 4th quarter GEAUX TIGERS!!,0
264216510564818944	YAAAAAY! Jason is my FAVE!!! @TheXFactorUSA: ...and like that @jasonbroccoli becomes the 6th act in the Top 12! #xfactor,1
264256182217232384	Watching bad reality television with Drew before he leaves for Georgia tomorrow. Bad reality TV...is that redundant? Haha #ILoveMyBestFriend,0
264213366468382720	@justinbieber tomorrow is the justin bieber consert in louisville kentucky i hope i the OLLG,0
257277446414548992	Matt Flynn may possibly not be as good as Peyton Manning is but he was the second decision for the Miami Dolphins. U... http://t.co/DiqlAOSs,0
255388503544840193	Come SUPPORT the SHOW/MOVEMENT at Parkdale High School on Oct 26th frm 8-11 w/ AJA DREAMTEAM HQB DSB&HIB. LEAVE THE BULLSHIT AT THE DOOR.,1
264230495007690753	Vallejo this Saturday Nov 3rd at Concert Pub Galleria in Houston TX! Showtime @ 10pm. H-town hope to see you there!,0
264181328507977729	Park Shin Hye will have a Fan Meeting in the Philippines on March! Is it true? o.0 @fae016,1
256613090441961472	@_KidTurtle chandler & him were going to trade Concords & cool greys but I was going to tell Da'Shon to not bring them tomorrow.,0
264207636759732224	@SoonerSweethert Jason will prove himself again tomorrow when he sells out stadiums in more record times.,1
259730435100254208	@AyrtonMatthew Oh i've got Tim Howard tomorrow as well! how many points you get today?,0
263467424689565697	You've seen the Honey Badger video: http://t.co/6QoeR8W1. Now get the pizza: sun-dried to... [pic]: http://t.co/8d986mwZ #foursquare,0
263338672571703297	@_DanGolden And maybe I'm playing Devil's Advocate but the same person may have written the Wiki entry as sent out the release.,0
263946244416745472	monday is going to be so strange when i go back to school to get my GCSE stuff,0
264213289616162818	4th quarter Westbrook (Honey Badger) is going to miss James Harden. #ThunderUP,0
264245928876191745	I just saw on tv that Teen Mom 2 is coming out with a new season November 12th can't wait to see it!,1
260825895240093697	Who's getting a picture with Chris Jericho on Friday? http://t.co/m0EePWBL http://t.co/s2zz6VWO,0
264192192040550400	@KevinBossman the #Chiefs are missing your presence down the seam. What happened to the #Chiefs that played in the 1st half of Atl game?,0
262240108701437953	Cant tell from up in the upper deck but looks like TOB may be wearing skechers to a fb game...,0
262923419190968320	Jim Brown praises Trent Richardson - Rookie running back Trent Richardson did more than win Sunday's game for the Br... http://t.co/OCx91jjg,1
264255852234567680	Getting off of Twitter for tonight im gonna get on Tumblr then bed goodnight oh yeah & I WON'T BE HERE THIS WEEKEND SO NO TWITTER TIL SUNDAY,0
264252522833801216	@machinegunkelly pumped too see you in Tucson on the 27th dude!!! #LaceUp,1
240012265280118784	@_superfreak_ Absolutely both gigs the Su Casa Beach Tent is on from 12 noon-7 on Saturday if you come to that you'll see Rose Parade!,0
261498833777876992	Anyone help me i need to write a poem due tomorrow about martin luther king jr.,0
264218188840058880	Happy Motha Fuckin Birthday to my wife Mi Dupes @nyesosweet<3 Love you so much thankful your still rockin wit me. May God bless you xoxo,1
247981489059397632	Lil Mouse and the buffoons that support his foolishness set the black race back 400 years... Dr. King didn't march for that foolishness...,0
260112956296155137	Cant wait to go meet the cast of Being Human on Tuesday. Be jealous bitches.,1
263258743582621696	The department of labor on MLK in Atlanta is having a job fair November 8th 10: 00 am to 2: 00pm even doing on the spot interviews,0
263248236360392704	Oct 30 1974- The Rumble in the Jungle boxing match between Muhammad Ali and George Foreman takes place in Kinshasa Zaire,0
263909938621980672	@davidhepworth Went for tea at Claridges on Tuesday morning with someone who used to go to Elvis' place in Bel Air for jamming sessions.,0
262582372724252672	Watching Underworld with Jace having a pretty nice Sunday.,1
262965980328771585	Top SEC teams have chance to play in the Cotton Bowl and Jan. 1 games: Capital One and Outback. As for the Pac-12: Alamo Sun Holiday etc.,0
264110570809204736	White Collar returns in January??? Are you kidding me?! >:-[,0
263415982347935745	David Bowie may be the first celeb I've seen who could make mugshots look like a photoshoot for Calv http://t.co/LjfnErzF,1
248584562341474304	black dude just set civil rights movement back 300 yrs. Dr.King is rolling in grave wishing he'd called in sick 4 that march in DC. #XFactor,0
263592546125639680	@JT1242 @lampauski @pete_sl kirk is true that your a twisted sexuall killer from the 4th dimension?,0
263306331597971456	Reminder for PCA students smalls groups will be packing up the Operation Christmas Child shoe boxes tomorrow so bring in your stuff!,0
264109649236738048	@JKCorden enjoy your last night in swansea! Thursday is all about sin city #sinsavers,1
264259148965883905	@V_Global: F2 DUBAI  3 Nov 7PM onwards with @thevchief some VPs and Directors! Check FB for details! @QNetOfficial @qnetarabic,0
264250438759632896	Five weeks of intense rehearsals almost complete! Last rehearsal day tomorrow before the JBSA cast travels to Singapore! Take a bow!!",1
@You_TaeBo_Hoe Ben has said his 1st SB he played like shit and against the Packers he played ok but 3 picks hurts,0
Only my brother would lose his ipod the 2nd day he gets it #biggestretard,0
Yay teen mom 2 starts Monday! But the only reason I watch it is for @TM2LeahDawn :) #TeamLeah,1
"Wow Colin Powell going to CMU for MLK Jr. celebration in January. That's cool. A big name for little CMU.",1
"@ScarleyByrne hi  you are inspires me and so may fans !!!! I need you here in Brazil !!!!!! you read the casual vacany ???",1
@FactsAboutMitt: @MittRomney falsely claimed he saw his father march with Martin Luther King Jr.  http://t.co/6I5JYxIQ #Facts #Truth,0
@cbessex Geaux Tigers! I'll be in Death Valley Saturday night for the Game of the Century III,1
I may be a Patriots fan but I was really hoping the cowboys would win.....I really hate the Giants....with all my heart....and more...,0
"Apple filed its annual 10-K report with the SEC for FY2012 on Wednesday showing just how much the company has grown. http://t.co/0Gpu8KpS",1
Manchester United can return to the top of the English Premier League on Saturday should they defeat Ar... http://t.co/Cj7JX9mW #Arsenal,1
Get ur excuses in early lol@MCRisBLUE: Cant see us beating West Ham on sat not now that Howard Webb is on loan to the hammers for the game,0
You know you are desperate of answer when you see the 2nd page of google.,0
@megga_balls may consider watching it tomorow then. Daniel radcliffe good in it like?,1
"starting the 2nd season of Being Human lol that was quick",1
@lilmex2014 We both did.But it was so good.Ithink the best part was when we were hiding from @Nicole_Bethanyy &Tyler since we sat together.,1
This week has been a good week. Got the NBA package free on DIRECT TV until Nov 6th. NBA is fantastic!!!!,1
Still yet to get really excited for Anfield on Sunday.......surely the run must end sometime???,1
"Very gruesome terrible injury for Marcus Lattimore (2nd year in a row) be strong the injury was similar to Mcgahee from 2003 Fiesta Bowl.",0
Former LSU QB Jordan Jefferson was arrested w/ the Honey Badger. Daddy Miles can't save you this time and let you start on Saturday.,0
"@CalvLyfeson Except for the part where because of lack of depth we also had to play Gerrard Suarez for a bunch which may screw us....",0
@Bobbieliciouss: Don't think i'm going to school tomorrow. School's gonna crack tomorrow,0
@SheScreaminJohn: I don't care I'm bringing out the Concords tomorrow. Don't !!!!!!!,0
I liked a @YouTube video http://t.co/IYt2qoE6 Ricky Gervais talks 10th Anniversary The Office with Brad Blanks in New York City,1
"Love me some Aaliyah may she rest in peace.",1
Kanye & Kim as batman and catwoman may be the hottest thing ive ever seen #jeal #bestcelebcouple,1
@MyLittleDomo i kind of tried... But ipod soooo i'm just gonna sleep tomorrow or something :'),1
@raaddiiiccall you mean 1st? And okay you're gonna have a hard time persuading people that you dont like Tyler with that @ name,0
Who sings Ya know I like my chicken fried. Cold beer on a Friday night. Pair of jeans that fit just right and the radio upppp ??,1
"@BedTaker Hopefully this is the turning point for Arsenal push on from here.. But if Everton keep it up I may change that as I'd love top 4",1
@dallascowboys good luck this sunday night vs the 7-0 Falcons but you can win the history is on or side and Tony Romo has never lost to them,1
Martin Luther King; Elizabeth 1st; The girl with the short skirt in McDonalds; My grandaughter. (4 boys.)   -  #Mention20PeopleYouWantToMeet,1
Well doctors said I have some kind of bug &it's probably best I don't go to school until Monday its a good thing too #badfever #verysickgirl,0
@WingmanBiz So wish I lived in Philly! Have a great show tomorrow night!! Hope one day to see you in St.Louis!,1
@thempeas @laclips The opposite of love isn't hate; it's apathy.  But why stoke the fires when they may never burn as brightly again?,0
Tim Tebow may have you beat @lilduval: I think I might be the most famous dude that still jacks off.,1
"If my stomach still feels funny tomorrow I'm going to punch one or possibly all of the Jordan kids right in the kidneys.",0
"I am manipulative: Knightley: Los Angeles Nov 2: Actress Keira Knightley says although she does not like some t... http://t.co/CenpsQs3",0
This time 18 yrs ago we won our 1st game of the season v West Ham thks to a goal from Gary Ablett. Also 1st day in my current job.,1
"@schamonaz @sarahlalor yeah 3rd season has just started.. I'm addicted.. Also watching Pretty Little Liars Revenge & Once Upon a Time atm",1
People are researching the Wolf crash to try and make SC racing safer. If anyone found his GoPro contact Me or Brian Sperry. It may help.,0
Can't wait for the Knicks to beat the Heat tomorrow,1
"I once told Harry I was leaving the band on February 30th. He cried for hours until he realised there is no February 30th - Zayn Malik",1
"Ugh the Cotton Bowl last Sat was almost better than today. Almost. (@ Hewlett Packard (TXN04)) http://t.co/UVbR5CuF",1
"On Sunday night does Dick LeBeau expect to match Ike Taylor up with A.J. Green? Because I don't think that's gonna work in our favor.",0
"A whole day of Maths I have to endure this on monday:( #killmenow",0
"Might not be able to get a free taco tomorrow. As Napoleon Dynamite would say dang it!",0
I want to go to the battle of the bands/ drumlines at cotton bowl November 11th!,1
@KintonKyle that's going to be wicked with no fireworks! #dohh haa :) I've got Zumba sat then going propaganda in the eve busyy :)),1
. Azhar Ali's 157 vs England in the 2nd innings of the 3rd Test in Dubai wins best batting performance of the year by a Pakistani in Tests.,1
Happy Single Awareness Day at Official Forever Alone day - February 14 =))),1
@BenG_ThatsMe @Mr_MKN ..LeFraud can NOT carry his team in dah 4th qtr!! We've seen it time an again! He looks for Miller and Chalmers...etc!,0
May I have Rob Pattinson with a side of Daniel Radcliffe ???(: #Please,1
1968 Comeback Special Elvis...a tour de force! Don't miss the show on Sunday. Tickets still available. http://t.co/V133cr0M,1
If you struggle reconciling total and implicit faith in a God you've never seen you may not want to miss this weekend at NLC. NO FEAR Part 3,1
heading into this sunday im in trouble At the TE spot Vernon Davis is on the bye Fred Davis is on IR and Finley Is Q'able,0
Watched Devil Inside and Paranormal Activity ..... Yes I'm definitely going to church Sunday morning!,1
Hustle season December Christmas Jan 3 nyelle bday party gotta be the SHIT I'm ready lbs,1
Tom Brady is named the AFC Offensive Player of the Week for the 22nd time in his career. It ties Peyton Manning for the most POW honors,1
@Hawthornee_ wrong. Friday - Rebecca black. Are you some special kind of stupid? Ugh,0
Trent Richardson is the bad-weather back the Cleveland Browns have long needed: Bill Livingston's Mon... http://t.co/deHRCcdj #cleveland,0
"@CTJenkins22 No man thank you. Philly plays you guys on March second (where I'm from) I'd love to meet you man!",1
"For 3 hours once a year @Britttttney_O shares a birthday with @rockyR5  because its the 2nd in michigan but still the 1st in california! :D",1
"After watching the Raptors first hand today they definitely in contention for the 8th seed. They were better than the Pacers today.",1
I just looked at UVa's SAT requirements and such... im definitaly not getting in straight up. lawl at me. looks like im going to transfer.,0
@BrandonNAdam Wrong! Amazing show. Won the Golden Globe in January. Sorry son!,1
Busy day with dog walks tomorrow. I love all my little odd jobs. Happy it's finally cooled off in Los Angeles.,1
: #Patriots Tom Brady wins AFC offensive player of the week for 22nd time.... http://t.co/WlFHyQ0I --#NFL,1
@seanhannity    We live in the Jersey shore area. No power since Mon. Disgusted with the response of disaster!!!,0
I should've worn the Concords tomorrow. -.- Oh well.,1
"OU really has nothing play for anymore. Screw the sun bowl or cotton bowl. if we aren't in a bcs bowl game it's a disappointing season.",0
@nayibsk8 I am in salt lake training at the moment. going good! si claro papi we will Skype tomorrow! miss you no homo,1
"@NickiOswalt wrong. I think you're Tom I'm April. Obviously. Or you're Jerry.",0
RFT @MeekMill: Skype nights! might as well Skype with someone who gonna be at the mmg tour at 1st mariner,1
"How are these fools talking about Niners are the best team in the NFC.Last time i checked the Giants SHAT on them. Held them to FG in 4th",0
Had such a great time lastnight at the PIPA 2nd Year solos - fantastic to see new talent on stage :D,1
I think @WayneRooney is my besy player for Manchester United then it is Robin Van Persie good luck aginst Arsneal at Old Trafoord Saturday,1
"Asif the next Pretty Little Liars episode is in January I CAN'T WAIT SO LONG. The halloween episode was next level tho",1
Pretty Little Liars just blew my mind!! #AtrAin was everything I'd hoped for. Is it January yet..?,1
@The_GilmoreEra GEAUX TIGERS! Hope to see you wearing that purple and gold on Saturday nights in Death Valley!,1
Congrats Sarah Geronimo for winning the Best Local Video Artist in 8th USTv Student's Choice Awards.. We are so proud of you...,1
@DeanWardley haha I have no1 to play out with until 2moro #vodkaonhold it's getting better :) Newcastle is the best though! #Prydz #dec #? X,1
Just had our meeting with Angie and George from Big Brother... We all getting excited about Saturday night we... http://t.co/EKEbt8zt,1
S/O to @BOSSMAN_QUAY & hope he has safe travels tomorrow.  #HerdNation could use you.  Doc loves those Florida boys.  #SpeedKills,1
@justinbieber please Justin follow me ! Hope everyday ! Je t'aime ! Can wait to see u in Paris for the 1st time ! Je t'aime <3,1
"Thursday's Top 5: One game five great plays from an exciting night in the NBA on Thursday. http://t.co/4rJ3rsyK",1
"I'm a real nigga 1st get money 2nd break bread with my niggas we like family so respect it-Yo Gotti",1
Indiana men's 1st basketball game tonight!!! Lets go Hooisers!!! #indianamensbasetball #1game #love http://t.co/QxukpbIW,1
had such an epic night. gonna pay for it tomorrow when Raw hits Newcastle.  #WWE #RAW,1
@iamtheboyking @bradnosan I agree but Zeller is a great complement to Kyrie and Andy's style of play is exactly what the 2nd team needs,1
Lana Del Rey on the 15th of May? (Unintentional rhyme) someone must come with!,1
Can't wait for January to roll around with Raylan Givens and some new episodes of Justified. #bamf,1
want to see lana del rey in london so much in may!,1
No new Grey's or Scandal. :( Must be a sign that I'm supposed to study for our exam Monday... (which I completely forgot about!),0
And NOW we have no power! :( I wonder if CES does since it is only two blocks away? Kiddos may be coming home from school.,0
We are @ Club H Disco dancing the night away! Thanks Jan for dedicating your the devil in disguise by Elvis to me!!,1
"Even if I knew that tomorrow the world would still go to pieces I would still plant my apple tree. - Martin Luther King Jr.",1
I'm getting off work tomorrow. Then coming home to watch the Heat win and talk shit.,1
"Kenya Powerites may all thy respective spouses cheat on thee for denying me a rerun of the El Classico.",0
We're going to a Patriots game! Monday night football baby! Can't wait! http://t.co/2YC1901A,1
"Tyler is gonna be so swagged out tomorrow im gonna have to take an instagram pic with him",1
"@jasonbroccoli - Jason Loving Your Performances. May Your Disco Balls Shine! You Are Truly the Hot Slut of the Day. http://t.co/7obQMSvR",1
"On the bright side looking forward to Cambridge City away in the FA Cup tomorrow night should be a laugh! #mkdons",1
That 2nd half was shit LA didnt deserve to win it Vancouver played tough and didnt deserve to be screwed by the ref,0
"Tomorrow marks the start of what is usually Chelsea's worst month. Swansea Shakhtar Pool WBA Juve City & Fulham over 4 weeks - TOUGH!",0
I seriously may be the only person who doesn't like Madonna,0
"@revmagdalen well since the GOP and DNC are the same...you're out of luck. Both support NDAA SOPA Endless war drones of the USno 4th am.",0
"@jpugh3rd This game reminds me of the Cotton Bowl game; we controlled it but not enough points.  Afraid of 2nd half LSU dominance.",0
@ChazzWoodson you're better when we were talking black lacrosse players after we won our 3rd straight all state sugar bowl,1
"@officialdfoster Happy Birthday! (I know it's already Friday in Singapore but Happy Birthday anyway!)",1
First show at NLC had an amazing time with some talented people! <3 now time to rest so I can do it again tomorrow #werewolves @sayurijunie,1
Sooo I didn't know the first Friday The 13th didn't have Jason in it.....,0
Words with friends just made me watch an ad for the DVD release of Red Tails. Now I may have to pay Zinga or they may make me watch it again,0
"In case you weren't invited . . .: ..it 'may' have been because Andy was hiding a deepdark secret Personali... http://t.co/JL5WlVB7",0
Happy Birthday to my Big Brother @dreeee1 May God continue to Bless you and prosper you.,1
"I'm always thinking that The Bachelor is pathetic bunch of gurls fighting for a guy!....C'mon! but when is the opposite I kinda like it =)",0
Pit Bull fans celebrate 1st annual Awareness Day: Animal lovers of all kinds gathered at the Buddy Holly Recreation... http://t.co/RcTfg8zN,1
"@RepPaulRyan2012 I married a former Miss. Colorado 2nd runner-up Miss America she could not be more excited to see her state flip right!",1
we still have to work the WVU game on saturday:/ thats going to be brutal.,0
Peso rises over Moody's credit rating upgrade for Philippines ...: The peso inched up on Tuesday following the m... http://t.co/QzXTlMH3,1
"I know it is only October 20 but #Kstate can probably start booking travel to at least the Fiesta Bowl.",1
It's Howard Webb. Bookies aren't giving odds on that. @Zembaness What are the odds that Man U will get a penalty on Saturday? #RefereeUnited,0
Last Saturday!:) #Happy Halloween!!:)  Can someone make me an edit of Zayn Malik?:) Thanks in advance.. #hi http://t.co/x2fK5C8x,1
Alex Smith is 10th in the MVP running! Right now he Quals for ProBowl with over a 70 QBR! I said it before the season started! #49ers,1
Will take that result & top the group as well.  Bet Tim Howard is cursing away at us ahead of Sunday #LFC,0
@CJakubauskas58 headed to Baylor homecoming tomorrow with my baber. Should be fun even without RG3!,1
"Hey you're missing Beauty and the Beast Vampire Diaries & Grey's Anatomy right now on TV. Saturday is Merlin - @costelloek15 #sisterlife",0
"Honey Badger don't know the 4th Amendment After Mathieu 20 gave the police his consent to search the apartment...",0
"Another Les Miles gem: When you're challenged and if you enjoy challenge we'll you enjoy it. From Monday's presser.",1
"Ah Monday nights a glorious time of the week to spend reading about mafioso's on wiki.",1
Sat alone in my office at lunch so I could watch an episode of Mob Wives.  Pretty sure this day ends with me jumping in front of a train.,0
"@ruxyeu 7th December Masquarade Ball Night club 2 step Country 2 step Cha cha Waltz Hustle. Beverages and snacks provided!See you:)",1
My nephew is moving to Florida tomorrow and he won't even say bye to me. WHAT AN ASSHOLE.,0
Why America May Go To Hell- wish it wouldve been completed and i wish i could read the contents of it...  by MLK,1
Redheads at cancer risk regardless of sun exposure: study:  PARIS (AFP) - People with pale skin and ... http://t.co/f4Jcf1TA #WeLoveThai,0
"There is an honesty that says we play the game Saturday not today. And there is no more valid opinion than in our place. - Les Miles #LSU",1
"*Blue Moon Community Garden alive and kicking in the Tucson AZ sun! http://t.co/Yc7ZPzyM",1
if you don't know who Kidrauhl is you may as well no speak to me ever again.,0
"My Friday: closet clean out furniture rearranging Al Green while taking a bath wrapping it all up with Downton Abbey. #lizlemon",1
"Who's on First? 1st down & goal or Ready Set Debate? Who is big ratings winner tonight?  - sadly The Bachelor would probably beat all",0
@101greatgoals: 3rd in 2 games!!! Emile Heskey bags the opener for Newcastle Jets v Melbourne Victory http://t.co/3bhAmI8Y ha ha ha !!!,1
Happy Thursday! Finishing rehearsals for the act at the People's Choice Awards.,1
"Go conservative w/ 600 yd offense then kick ball to best player in #ACC when it's only way you can lose.  That about sum up TOB's 4th Q?",0
"@remyroxx i was mad too i had vernon davis frank gore AND i was up by like 15 going in to monday night..i'm tight lol",0
"@snooki Hey Girl Excited to see the New Jersey Shore tomorrow! :)",1
Tina Fey and Amy Poehler will host the Golden Globe Awards: In what may be the smartest thing the Hollywood Fore... http://t.co/4xaMuvkq,1
Cowboys beat giants 1st game of da nfll season n da mavs beat the lakers without dirk all is well till playoff picture is painted #blunted,1
@toonbuck Hey Rob. Crap eh? I am going to Anfield on Sunday. Hope your lot lay down for us ha ha,1
"Mama Jan hes been there since Common Denominator she can't leave. A little peiece of Kidrauhl will be gone </3",0
@MikeyFusco226 What if Gangnam Style brought the sun for brazil  kkkkkkkkkkkkkkkkkkkkk very hot here I LOVE U <33,1
Off to Carrow Road Saturday to see the mighty Canaries shit all over Stoke :-) Angry bloke will no doubt be sat behind me AGAIN!,1
Join us for worship on Sunday 10/28 and enjoy the Dance Ministry and Joyful Noise at both services 8:45 and 10:10.,1
@JessicaESanchez like your pose and the background 1st runner up Jessica Sanchez! I am your # 1 fan from the Philippines..,1
Lakers gonna lose to the Clippers tomorrow and gonna think the world is over.. Relax y'all okay but not gonna win the West,0
Aww yeah Tyler's 21!! See you Saturday West Chester!!! http://t.co/IpvPzOY2,1
"I love that #NotreDame is ranked 4th... spot light is off us and we can roll right into the National Championship. Watch out #bama",1
"@sasha_uher @ripitup_loz Etta James fine. She may have the best voice but she still killed it. Slaughtered it in fact.",1
Omg roosies on a Thursday is the best ever. Drunk Chelsea=happy Chelsea,1
Community doesn't come on until February now. Lego LotR doesn't come out for two more weeks now.  Now no Parks and Rec tonight?! #curses,0
Hey all you Pretty Little Liars Fans! let's trend #HappyBirthdayTroianBellisario ...Sunday October 28th,1
Winter Classic is cancelled. Bettman better watch his back. There's gonna be a lot of NHL fans who want him dead. I may or may not be one...,0
"Oh yeah I'm totally excited for Tina Fey and Amy Poehler to host the Golden Globes in January. They're amazingly funny women! #girlpower",1
Yeah it's most likely that I won't be able to go to the game tomorrow in Tucson unless I get a last minute ride..... #NoRide #Saddd,0
"@chriscagle Nov 18th Steelers game is Military day; my brother a former Marine will b there he's excited 2 know u will b singing the Anthem",1
"I'm so stressed out that I want to puke. Anatomy practical tomorrow chem exam friday and also a speech.. #shootmenow",0
"At least 15 November starts among QBs Tony Romo has the best winning % in NFL history. He isn't the problem!",1
"Come SUPPORT the SHOW/MOVEMENT at Parkdale High School on Oct 26th frm 8-11 w/ AJA DREAMTEAM HQB DSB&HIB. LEAVE THE BULLSHIT AT THE DOOR",1
"49ersParadise HOP: Pick your poison: Eliminating Vernon Davis comes with a price [BEE-BLOG]: Mon 29 Oct 2012 8:... http://t.co/n0DncWVk",0
Tina Fey named Golden Globe host....mmmmmmmm i may just have to watch that.,1
I was @PSU when they were unbeaten playing OSU to be in the running for the National Championship. This Saturday's game is bigger. #OneTeam,1
Here's the FULL info for Friday's Pats Game!!:) Breast Cancer Awareness Night Friday Post-Game Skate on the... http://t.co/87JVwDE6,1
"(2 of 3) ...And despite what you may have seen on TV the Jersey Shore is a place beloved by (and home to) many many good people...",1
Santorum had tingles down [his] spine watching 1st debate http://t.co/CbUtb0Cs I never want to see Santorum and tingles that close,0
Yes mam! It certainly is a beautifully blessed Sunday! May u all hav a great day! Love Ya Sista & Roll Tide!,1
@TheTomHendricks couldn't be without it now mate!! The thought of havin to watch Downton Abbey on a Sunday night makes me wanna top myself!!,0
Thanks Sky for screwing up another home game by putting it on the Monday of Toy Fair for 2nd year running. Didn't want to see Everton anyway,0
You're gravely misinformed @jgodersky. Best to stop the #lie/talking point. U obviously don't know MLK Jr http://t.co/g0tiRlv5 @gjzielinski,0
@Loving_Football He went to the Camp Nou on sunday to watch the El Clasico!! LUCK HIM!! I hope u can guess who it is ;) http://t.co/EcSsEImd,1
I love the Niners. This sandy thing was a bust. Now I have to work tomorrow. #bummer,0
@MichaelMFloyd Ya I live in Tucson! Ready to taste some Lambeau grass Sun? Haha. What's new dude I'm only 2 hrs away from you!,1
"What? The Jaguars may trade to get Tim Tebow from the Jets? God is Good teams still want him. #TestifyhisGreatness",1
The Devil Inside with @YouuLoveAmber We may die.,0
@justinbieber please Justin follow me ! Hope everyday ! Je t'aime ! Can wait to see u in Paris for the 1st time ! Je t'aime <3 (:,1
@awolk Great 2nd Screen analysis! Can I brief you on Jinni semantic discovery & smart social recommendations? Going to CES?,1
My dads all buying beds for the house in Wisconsin . Like bitch I haven't been there since 6th grade,0
"#photos Emile Heskey celebrates with team mate Ruben Zadkovich: NEWCASTLE AUSTRALIA - OCTOBER 26:  ... http://t.co/sKWV95V6 #UberSoccer",1
Tomorrow is my return to PCA basketball!!! Good to be back with @zachhorn34 @DeRockB again!!,1
"@nasrahmed93 @natejurgens Also Ashlee Simpson was booed at the Orange Bowl b/c that was her 1st live performance after SNL lip sync debacle",0
I cannot wait until November 12th not only is it my one year wedding anniversary but teen mom 2 comes back on #score,1
@GoGoFukMeXXX it was nice meeting you. Looking forward to partying with u at The Bachelor Party Nov 30th. @bhhmag @VanessaJasey,1
"Watched the 1st episode of Being Human. @Bains_Prince I'm hooked. Thought you'd like to know.",1
"@GatorBoyBitchhh  Come SUPPORT the SHOW/MOVEMENT at Parkdale High School on Oct 26th from 8-11 w/ AJA DREAMTEAM HQB DSB & HIB.",1
@SouterPR_Newc Yep! Thank you! You'll have to venture down to Durham a week on Friday now ;) Setting up one in Sunderland very  soon #4N,1
"If I can not have Thursday classes for the rest of my time at UVA I will be one happy girl",1
"OMG Saturday at 8 p.s. I love you premieres on abc family.",1
Woohoo! This will be the best GGs ever! MT @redeyechicago: Tina Fey and Amy Poehler will host the Golden Globe Jan 13.  http://t.co/rwtzIxmF,1
@Cowboyy_Kenny and hey tomorrows Friday we all get on Xbox and we all enjoy a little sesh on mw3 you down?,1
NEED to go see Lana Del Rey in May but i'm pretty sure i'll be busy with exams then :(,0
Got so excited because today is thursday and Grey's Anatomy was coming on. But then @Tee_Jay_Gee reminded me that it's not. #crushed,1
Rick Santorum: DOMA is constitutional. The 1st Amendment protects my religious freedom to force the government discriminate against gays.,0
"@JonathanJennin5 Going out tomorrow morning it supposed to be sunny and cold I will take that. Kirk is all good for Leam XC he emailed me.",1
@ollyofficial it was soo good meeting you again on Tuesday! Worth the track from Liverpool to Wakefield:D!,1
@Shell_Parr heyy do you mind If we go somewhere els tomorrow like Bolton or somewhere your gona think this is so pathetic but I'm actually,0
Good Saturday afternoon workout... By Myself! That's how I grind nowadays. At the playground with Aaliyah now. #GoodTimes,1
Lamar Odom's career may be just done. He's not in shape after skipping the Olympics to get in shape. He may just be declining,0
Just the fact that he has the title Ambassador should be cool factor enough to make you come see Jon Huntsman on Wednesday at 8pm!,1
"BAY HEAD N.J./BOSTON Nov 2 (Reuters) - The people of the Jersey Shore may feel alone in the world right now t... http://t.co/3PbCfRbh",0
Kinda want to go to Anatomy tomorrow but I don't at the same time.,0
"Speaking of Kanye he's a genius. Like he may make stupid choices sometimes but his way of thinking is amazing.",1
Tyrann mathieu may have fucked up his career we know Jordan Jefferson bum ass did cuz he can't throw smh.,0
I may be in the slowest check out line ever. Lady gotta Honey Badger haircut and don't give a Damn.,0
"I think the Hawks defense allow to many 3rd and longs The offense does not convert enough 3rd downs. An elite defense should d able 2 hold",0
I watched Joyful Noise for the 30th time . It keeps getting better and better . Great actor and a better Artists @KekePalmer :),1
GREAT class tonight!!  You all brought it 100% .  I was dripping BEFORE the pushups tonight...see you tomorrow for ZUMBA at 5:30,1
both of my teams (Alabama & Falcons) are playing good games this weekend. One on Sat & one on Sun both at 8pm. Maybe it's good luck.,1
"We are giving you one FINAL CHANCE to preorder these pre-sold out CEs! Thursday 11am AEST - get ready! http://t.co/7AinRxfa",1
"@Ryan_Debono But California Gurls Teenage Dream Firework E.T Last Friday Night and Part Of Me were Number 1 Katy broke the record!! :D",1
@madeofgoldx I didn't see him :( but I live in California and he came to my city on Monday but before my local radio station was giving,0
@CMPunk I know u may not have time but any chance me and the mrs can grab a photo at Newcastle arena tomorrow? #bestintheworld,1
"Zumba!!!! Have you tried it yet? Next session begins November 15th! Sign up now Great way to keep up your cardio... http://t.co/5ENx1dmM",1
Hopefully I feel better by tomorrow because I want to go to the Gotti concert with my friend,1
"@Noah_Sutter No you'll play a cute 12th ranked team in the sugar bowl #HaveFun",1
I am pretty excited to be going to Indiana tomorrow! #letsgohawk #iowacheer #iowafootball,1
@Real_Liam_Payne d'aw cuties :). Liam you may need a blanket to keep your head warm love! Haha love you .x,1
Cowboys gone beat the falcons Sunday night,1
@Zanzetsuken @bearman399 I have no one to drive me :( I am going to Amy's tomorrow to do Maths.,0
@pariskennedy do it! I'm one of those rare natural California bLondes . . . Open after.Nov 15.:) would love some CT anyways . . .,1
Here's video of the unimaginable goalline fumble that may have cost Florida a shot at the National Championship: http://t.co/u5qX6P6F,0
Romney falsely claimed he saw his father march with MLK Jr. http://t.co/DrhKpGbN. Anything he won't lie about?,0
@Bo0gieWo0gie  You can thank me now for an entertaining game next Monday night for the Steelers since you're playing the Chiefs,1
"I can't wait til Saturday! I'll be there 4 the pregame show tomorrowi love college gameday &I'm glad Gameday is here at LSU!! GEAUX TIGERS!",1
Looking forward to tomorrow night :) The Man Who Sold The World - David Bowie & the 1970's @ Showroom & Workstation http://t.co/AAYK0ivH,1
@onedirection please cani have a tweet or retweet because it is my 11th birthday thank you love you ZAYN MALIK,1
Comedy Central starts beaming into SG from tomorrow on StarHub... And I am more than mildly excited abt it #tvnirvana,1
I'm just waiting for tomorrow because Andy is going to make a triple double! @cavs @TweetQTube,1
"@ochocinco Pats fan here. How long are you in Tampa?  I fly in Friday night. Considering your budget I'd love to buy you a cigar! #Generous",1
"@ToddWilliams I'm not watch today :( but my friday going to be just for TVD",0
I have a whole day of history GCSE tomorrow great!,1
"Heading to @pac12 media day which gets underway shortly here in SF.  Good news early on with Stanford picked to finish 4th in media poll.",1
"This Christmas all I'm asking for is a trip to watch Miss America in January. It's the only thing I want.",1
All my thoughts and prayers go out to Sergei Bubka Jr. who fell from the 3rd-floor-apartment in Paris.,0
Babe just left to Tucson. :( Won't see him till Saturday. #Badtime,0
After Saturday bama's tide want be Rollin any more. GEAUX TIGERS!,1
"Happy All Saints Day.  One of our freshman led us in beautiful Litany of the Saints today.  Tomorrow we... http://t.co/9Z1ZZJMC",1
Huge day of NBA tomorrow. Whoop. League pass is awesome.,1
"Set your DVR's & VCR's @jessicaleccia is scheduled to make her guest appearance on 30 Rock next Thursday!",1
What an Amazing Halloween Weekend! A lot of Great costumes! Can't wait for the big night This Wednesday! Underworld at Cinema!,1
"Can't wait for tomorrow night's Welcome to the Underworld party - I love Halloween!  The question is what... http://t.co/9R5rxD5L",1
Even Elvis is going all out for Saturday! Can't wait! #derbyday @Chantellebrown3 @JessWemyss @Angela_Jade @JGod86 http://t.co/T8CNM1Gp,1
My guess is that the Huntsman endorsement is a negative in the 4th District race. http://t.co/mIjelZ7y #utpol,0
May jus have to fuck with those Hawks tomorrow! Niggas luv a deal,0
"Hawks vs rockets todayhawks vs thunder Sunday.so glad the NBA is back",1
That @SportsCenter ride along with Les Miles was the most awkward piece of television ever. 2nd place is this HELLO piece.,0
Going to the mall tomorrow to get some Xbox live for Tuesday and maybe some edo's. I wish I could have that stuff all day #mmm,1
@philmcnulty @wsagfanzine  Soton v Everton originally Sat 3pm 19th Jan. rescheduled for the Monday 8pm. Nice one Sky. #thinkingofthefans,1
@MikeAndMike Big Ben had the best rookie year out of all those quarterbacks and when he one his 2nd Super Bowl had a terrible line,0
"@JamesSantelli @alisonbrie I think Thurs is good news though. Back with 30 Rock Parks and Rec where it fits in and not Fri death knell.",1
Wondering how much i love my Lakers. $380 for two lower level tickets when they play the Mavs on Nov 24th!!  Thinking really hard about it..,1
@Harry_Styles is so damn cute!!! 1 day to go DIRECTIONERS!!!!!!!! It's coming out at 8 tomorrow!!!!!! Liam 2mm morning http://t.co/RVag067a,1
Friday has arrived. I have to admit that Rebecca Black's song doesn't sound so lame when it's actually Friday.,1
The Devil Inside may be the worst movie I've ever seen.,0
@RackEmWillee they are saying if they don't put the Winter Classic on lock tomorrow with Michigan- we won't even have a season :(,0
"Everything is the same with the Heat. LeBron can't play in the 4th Heat fans are still cocky as fuck and Chris Bosh STILL a raptor!!!!",0
@CBSNews Oh PLEASE! He's been every political affiliation under the sun.    #RomneyRyan2012 and hey CBS one word: BENGHAZI now THAT'S news.,0
I wish @MaggieKipi was going to Cowboys tomorrow. I miss her.,1
Thank fuck it's Friday. To all the lads off to Newcastle have a good one. Wish I was coming with ya. #HavePlenty,1
"Report: Steelers can't find hotel to travel Sun.: The Pittsburgh Steelers will fly to New York only hours before playing the Giants ...",0
Oooooooohhhhhhhh me likey Houston +6 tomorrow. Hope the numbers line up,1
Let's all talk shit about the Thunder at school tomorrow now. Since they talk too much about the Lakers.,0
Geaux Tigers!!! Come and tailgate with us at our Neighborhood Tailgate Party Saturday and enjoy yourselves to some Bloody Marys and Mimosas.,1
@raykipo take Silver at the Hib cup. Great day. See you all @UKParachuting for the boogie starting tomorrow,1
@aBSTRVCT42 naaa i wrote on my ipod and im too lazy to convert it to my computer lol im recording it tomorrow,0
@kcondetoffees - All about opinions but Osman only played 45 mins on Wed too. Coleman not as good defensively as Hib or Nev.,0
"@uliwitness And Christmas good luck changing it! Other federal holidays include: Martin Luther King Jr Day in January",1
Alex Smith earned his 1st career NFC Offensive Player of the Week honor after completing 18-of-19 passes >I can still taste the #bitterness,1
"Over the last few months I've really gotten to get a better knowledge of Mitt Romney. He may not be Rick Santorum but he still has my vote",1
Is Tim Tebow Dating Camilla Belle?: Everyone is interested in Tim Tebow. Some people may not like him but you ha... http://t.co/8hWOQ8uL,1
I have one awesome boyfriend who Sat and watched jersey shore with me just to make me happy :),1
"@katelyntarver its midnight here in brazil so happy 23rd birthday hope you enjoy your day and never stop being this amazing girl you are <3",1
@JordynNoMichael Thnks for the FB! Special #PROMO: Buy Three Bundles & get 4th on us! Send FIVE customers to receive free affiliate bundles!,1
"@13RedKysses in the words of Dr. King I may not get there with you but I want you to know we as a people will get there",1
@jakeowen can't wait to see you Saturday! Texas is ready for you :),1
Tomorrow I have Zumba but I'm not really feeling it,0
Its Thursday and u know what that means! Greys Anatomy!! And I've heard that @JessicaCapshaw is brilliant tonight which is even better!!,1
@nigelkersten huntsman's are regulars here. And yesterday we had a blue tongue in the house to get out of the sun for a bit :),1
"Holy C0W just in time for Halloween we got THE POSSESSION Aug 30 & #PA4 Oct 19 i hope to God that'll be better than DEVIL INSIDE!",1
@Wheres_myMOJO stfu wit them excuses...Clippers gonna beat the hell outta the Lakers tomorrow,0
Hawks game tomorrow... I'm fuckin wit it,1
Best part of friendship with @rumorhasit16: Thursday convos are shut down in time for 30 Rock.,1
daniel radcliffe was sooo attractive in the 3rd and 5th films omg im in love,1
Come scoop meRT @_BoatsnHoes: I gotta go shopping tomorrow! I keep putin it off. Ima fuck around &amp; ain't gone have shit to wear to Gotti,0
I open pandora and Etta James is playing! Way to start the day off right! #motown #music #friday,1
Guess Dani will play with u guys tomorrow..somebody tell @BricksDF that there is NO WAY IN HELL..Louisville is going to the ORANGE BOWL tho,0
Gossip Girl was pulled on Monday because of Hurricane Sandy... I hate you bitch.,0
The XFactorUSA result's show will be aired in the Philippines Tomorrow Night! @EmblemThree will definitely be in the top 12! Good night!,1
@RobGronkowski  Its my 19th birthday and you're my favorite Pats player! Can i get a RT!?!,1
"@sanamalek1934 Same here lol! Hey atleast we can look forward to theri performance on the 27th at People's Choice Awards!",1
"I kicked off Type 1 Diabetes Awareness Day with a high blood sugar thanks to too many chocolates last night. Well there's always tomorrow.",0
Nice day in Tucson again. http://t.co/MbdI6IBq,1
White Collar returns with new episodes in January...happy camper tweet.,1
We are on our way to @RagleyHall to start setting up ready for Saturday Bonfire & Fireworks.A great #fireworks display Are you going?,1
It's been in the 50-60s all week. This weekend its gone be back in the 70s then on Monday its droppin back down to the 50s. fuck ATL weather,0
End of the 2nd. 3-1. Jason for all 3. Keep it up boys!,1
Can't even sleep.. All I can think about is how fucked Jordan is going to be when I just don't answer my phone tomorrow. Haha sucks to suck,0
"@garrettmaine Garrett you are awesome and it was so cool talking to you tonight! David Bowie forever \m/ See you tomorrow hombre.",1
"Who had two thumbs and is the happiest girl in the world because she might get Greys Anatomy season 4 tomorrow? Oh yeah thats me! ;)",1
Just don't understand TOB thought he would come out and est. some running game in the 2nd half than go play action On an aggressive UNC,0
"@BrianMFloyd So disappointing. On a lighter note get excited for BAJ tomorrow. I'm editing now and it relates to Jordan Jefferson",1
What if: Dr. King passed up a march?? Malcolm X took a day off?? God took a personal day?? Great people take #NoDaysOff. Where do you fall??,1
Opportunity Sat II:A Wolverine W puts us in the Orange Bowl. I hope the staff brings a right attitude so the boys can play loose and fast!,1
"Gonna change my Tumblr theme. I hope I can finish it later so that tomorrow I can practice my performance on English monologue. :)",1
